,max_found_at_generation,end_mean_fitness_population,end_max_fitness,initial_population,max_generation,crossover_probability,mutation_probability,selection_method,selection_strategy_name,k_value
0,1,861.9,865.0,50,10,0.1,0.1,<function selTournament at 0x000001C0B6C3F400>,Tournament,1
1,7,929.7,950.0,50,10,0.1,0.1,<function selTournament at 0x000001C0B6C3F400>,Tournament,2
2,8,902.54,962.0,50,10,0.1,0.3,<function selTournament at 0x000001C0B6C3F400>,Tournament,1
3,7,935.38,965.0,50,10,0.1,0.3,<function selTournament at 0x000001C0B6C3F400>,Tournament,2
4,6,946.6,965.0,50,10,0.3,0.1,<function selTournament at 0x000001C0B6C3F400>,Tournament,1
5,7,957.6,980.0,50,10,0.3,0.1,<function selTournament at 0x000001C0B6C3F400>,Tournament,2
6,6,950.58,965.0,50,10,0.3,0.3,<function selTournament at 0x000001C0B6C3F400>,Tournament,1
7,10,880.82,942.0,50,10,0.3,0.3,<function selTournament at 0x000001C0B6C3F400>,Tournament,2
8,1,920.6,925.0,50,11,0.1,0.1,<function selTournament at 0x000001C0B6C3F400>,Tournament,1
9,10,934.2,975.0,50,11,0.1,0.1,<function selTournament at 0x000001C0B6C3F400>,Tournament,2
10,4,924.9,940.0,50,11,0.1,0.3,<function selTournament at 0x000001C0B6C3F400>,Tournament,1
11,8,907.84,940.0,50,11,0.1,0.3,<function selTournament at 0x000001C0B6C3F400>,Tournament,2
12,9,1005.28,1030.0,50,11,0.3,0.1,<function selTournament at 0x000001C0B6C3F400>,Tournament,1
13,8,971.3,1000.0,50,11,0.3,0.1,<function selTournament at 0x000001C0B6C3F400>,Tournament,2
14,4,903.0,915.0,50,11,0.3,0.3,<function selTournament at 0x000001C0B6C3F400>,Tournament,1
15,7,944.82,965.0,50,11,0.3,0.3,<function selTournament at 0x000001C0B6C3F400>,Tournament,2
16,8,919.08,935.0,50,12,0.1,0.1,<function selTournament at 0x000001C0B6C3F400>,Tournament,1
17,12,924.3,950.0,50,12,0.1,0.1,<function selTournament at 0x000001C0B6C3F400>,Tournament,2
18,10,932.34,990.0,50,12,0.1,0.3,<function selTournament at 0x000001C0B6C3F400>,Tournament,1
19,3,888.94,915.0,50,12,0.1,0.3,<function selTournament at 0x000001C0B6C3F400>,Tournament,2
20,11,946.68,997.0,50,12,0.3,0.1,<function selTournament at 0x000001C0B6C3F400>,Tournament,1
21,12,930.58,982.0,50,12,0.3,0.1,<function selTournament at 0x000001C0B6C3F400>,Tournament,2
22,12,944.0,960.0,50,12,0.3,0.3,<function selTournament at 0x000001C0B6C3F400>,Tournament,1
23,11,891.48,920.0,50,12,0.3,0.3,<function selTournament at 0x000001C0B6C3F400>,Tournament,2
24,9,915.92,940.0,50,13,0.1,0.1,<function selTournament at 0x000001C0B6C3F400>,Tournament,1
25,4,860.4,865.0,50,13,0.1,0.1,<function selTournament at 0x000001C0B6C3F400>,Tournament,2
26,13,947.22,997.0,50,13,0.1,0.3,<function selTournament at 0x000001C0B6C3F400>,Tournament,1
27,13,920.84,945.0,50,13,0.1,0.3,<function selTournament at 0x000001C0B6C3F400>,Tournament,2
28,8,947.82,967.0,50,13,0.3,0.1,<function selTournament at 0x000001C0B6C3F400>,Tournament,1
29,7,939.6,950.0,50,13,0.3,0.1,<function selTournament at 0x000001C0B6C3F400>,Tournament,2
30,8,951.84,965.0,50,13,0.3,0.3,<function selTournament at 0x000001C0B6C3F400>,Tournament,1
31,1,933.94,950.0,50,13,0.3,0.3,<function selTournament at 0x000001C0B6C3F400>,Tournament,2
32,1,881.3,895.0,50,14,0.1,0.1,<function selTournament at 0x000001C0B6C3F400>,Tournament,1
33,14,904.34,962.0,50,14,0.1,0.1,<function selTournament at 0x000001C0B6C3F400>,Tournament,2
34,14,908.14,957.0,50,14,0.1,0.3,<function selTournament at 0x000001C0B6C3F400>,Tournament,1
35,12,933.68,965.0,50,14,0.1,0.3,<function selTournament at 0x000001C0B6C3F400>,Tournament,2
36,13,984.0,1030.0,50,14,0.3,0.1,<function selTournament at 0x000001C0B6C3F400>,Tournament,1
37,4,959.6,960.0,50,14,0.3,0.1,<function selTournament at 0x000001C0B6C3F400>,Tournament,2
38,8,950.78,972.0,50,14,0.3,0.3,<function selTournament at 0x000001C0B6C3F400>,Tournament,1
39,2,890.18,910.0,50,14,0.3,0.3,<function selTournament at 0x000001C0B6C3F400>,Tournament,2
40,5,937.0,950.0,50,15,0.1,0.1,<function selTournament at 0x000001C0B6C3F400>,Tournament,1
41,5,954.4,965.0,50,15,0.1,0.1,<function selTournament at 0x000001C0B6C3F400>,Tournament,2
42,11,906.02,935.0,50,15,0.1,0.3,<function selTournament at 0x000001C0B6C3F400>,Tournament,1
43,6,928.66,950.0,50,15,0.1,0.3,<function selTournament at 0x000001C0B6C3F400>,Tournament,2
44,15,925.2,950.0,50,15,0.3,0.1,<function selTournament at 0x000001C0B6C3F400>,Tournament,1
45,7,990.7,1000.0,50,15,0.3,0.1,<function selTournament at 0x000001C0B6C3F400>,Tournament,2
46,15,915.6,972.0,50,15,0.3,0.3,<function selTournament at 0x000001C0B6C3F400>,Tournament,1
47,15,918.74,952.0,50,15,0.3,0.3,<function selTournament at 0x000001C0B6C3F400>,Tournament,2
48,15,915.04,950.0,50,16,0.1,0.1,<function selTournament at 0x000001C0B6C3F400>,Tournament,1
49,13,884.0,910.0,50,16,0.1,0.1,<function selTournament at 0x000001C0B6C3F400>,Tournament,2
50,6,925.32,950.0,50,16,0.1,0.3,<function selTournament at 0x000001C0B6C3F400>,Tournament,1
51,7,935.3,955.0,50,16,0.1,0.3,<function selTournament at 0x000001C0B6C3F400>,Tournament,2
52,8,970.0,970.0,50,16,0.3,0.1,<function selTournament at 0x000001C0B6C3F400>,Tournament,1
53,7,973.7,985.0,50,16,0.3,0.1,<function selTournament at 0x000001C0B6C3F400>,Tournament,2
54,14,952.2,1000.0,50,16,0.3,0.3,<function selTournament at 0x000001C0B6C3F400>,Tournament,1
55,3,898.52,915.0,50,16,0.3,0.3,<function selTournament at 0x000001C0B6C3F400>,Tournament,2
56,6,968.2,970.0,50,17,0.1,0.1,<function selTournament at 0x000001C0B6C3F400>,Tournament,1
57,15,891.7,895.0,50,17,0.1,0.1,<function selTournament at 0x000001C0B6C3F400>,Tournament,2
58,5,980.5,1000.0,50,17,0.1,0.3,<function selTournament at 0x000001C0B6C3F400>,Tournament,1
59,12,958.6,970.0,50,17,0.1,0.3,<function selTournament at 0x000001C0B6C3F400>,Tournament,2
60,4,945.34,955.0,50,17,0.3,0.1,<function selTournament at 0x000001C0B6C3F400>,Tournament,1
61,10,941.82,950.0,50,17,0.3,0.1,<function selTournament at 0x000001C0B6C3F400>,Tournament,2
62,8,951.8,965.0,50,17,0.3,0.3,<function selTournament at 0x000001C0B6C3F400>,Tournament,1
63,7,888.9,900.0,50,17,0.3,0.3,<function selTournament at 0x000001C0B6C3F400>,Tournament,2
64,18,929.2,945.0,50,18,0.1,0.1,<function selTournament at 0x000001C0B6C3F400>,Tournament,1
65,16,933.12,942.0,50,18,0.1,0.1,<function selTournament at 0x000001C0B6C3F400>,Tournament,2
66,12,987.12,997.0,50,18,0.1,0.3,<function selTournament at 0x000001C0B6C3F400>,Tournament,1
67,17,915.1,960.0,50,18,0.1,0.3,<function selTournament at 0x000001C0B6C3F400>,Tournament,2
68,9,985.0,985.0,50,18,0.3,0.1,<function selTournament at 0x000001C0B6C3F400>,Tournament,1
69,9,948.42,957.0,50,18,0.3,0.1,<function selTournament at 0x000001C0B6C3F400>,Tournament,2
70,7,955.38,970.0,50,18,0.3,0.3,<function selTournament at 0x000001C0B6C3F400>,Tournament,1
71,6,956.1,970.0,50,18,0.3,0.3,<function selTournament at 0x000001C0B6C3F400>,Tournament,2
72,9,964.28,970.0,50,19,0.1,0.1,<function selTournament at 0x000001C0B6C3F400>,Tournament,1
73,1,866.3,870.0,50,19,0.1,0.1,<function selTournament at 0x000001C0B6C3F400>,Tournament,2
74,12,950.94,977.0,50,19,0.1,0.3,<function selTournament at 0x000001C0B6C3F400>,Tournament,1
75,7,954.9,965.0,50,19,0.1,0.3,<function selTournament at 0x000001C0B6C3F400>,Tournament,2
76,11,960.4,965.0,50,19,0.3,0.1,<function selTournament at 0x000001C0B6C3F400>,Tournament,1
77,10,860.2,865.0,50,19,0.3,0.1,<function selTournament at 0x000001C0B6C3F400>,Tournament,2
78,16,1001.0,1030.0,50,19,0.3,0.3,<function selTournament at 0x000001C0B6C3F400>,Tournament,1
79,7,906.9,925.0,50,19,0.3,0.3,<function selTournament at 0x000001C0B6C3F400>,Tournament,2
80,11,942.18,945.0,50,20,0.1,0.1,<function selTournament at 0x000001C0B6C3F400>,Tournament,1
81,19,880.4,920.0,50,20,0.1,0.1,<function selTournament at 0x000001C0B6C3F400>,Tournament,2
82,8,951.08,965.0,50,20,0.1,0.3,<function selTournament at 0x000001C0B6C3F400>,Tournament,1
83,5,958.8,965.0,50,20,0.1,0.3,<function selTournament at 0x000001C0B6C3F400>,Tournament,2
84,4,913.5,920.0,50,20,0.3,0.1,<function selTournament at 0x000001C0B6C3F400>,Tournament,1
85,14,1023.14,1030.0,50,20,0.3,0.1,<function selTournament at 0x000001C0B6C3F400>,Tournament,2
86,6,954.6,970.0,50,20,0.3,0.3,<function selTournament at 0x000001C0B6C3F400>,Tournament,1
87,9,1014.8,1030.0,50,20,0.3,0.3,<function selTournament at 0x000001C0B6C3F400>,Tournament,2
88,13,988.04,990.0,50,21,0.1,0.1,<function selTournament at 0x000001C0B6C3F400>,Tournament,1
89,9,995.64,1005.0,50,21,0.1,0.1,<function selTournament at 0x000001C0B6C3F400>,Tournament,2
90,5,892.7,905.0,50,21,0.1,0.3,<function selTournament at 0x000001C0B6C3F400>,Tournament,1
91,14,959.68,970.0,50,21,0.1,0.3,<function selTournament at 0x000001C0B6C3F400>,Tournament,2
92,6,959.84,965.0,50,21,0.3,0.1,<function selTournament at 0x000001C0B6C3F400>,Tournament,1
93,15,959.2,965.0,50,21,0.3,0.1,<function selTournament at 0x000001C0B6C3F400>,Tournament,2
94,9,950.5,970.0,50,21,0.3,0.3,<function selTournament at 0x000001C0B6C3F400>,Tournament,1
95,10,954.84,960.0,50,21,0.3,0.3,<function selTournament at 0x000001C0B6C3F400>,Tournament,2
96,4,994.24,1005.0,50,22,0.1,0.1,<function selTournament at 0x000001C0B6C3F400>,Tournament,1
97,14,975.4,985.0,50,22,0.1,0.1,<function selTournament at 0x000001C0B6C3F400>,Tournament,2
98,10,1009.4,1030.0,50,22,0.1,0.3,<function selTournament at 0x000001C0B6C3F400>,Tournament,1
99,9,1012.3,1030.0,50,22,0.1,0.3,<function selTournament at 0x000001C0B6C3F400>,Tournament,2
100,22,944.94,967.0,50,22,0.3,0.1,<function selTournament at 0x000001C0B6C3F400>,Tournament,1
101,10,1002.0,1002.0,50,22,0.3,0.1,<function selTournament at 0x000001C0B6C3F400>,Tournament,2
102,6,935.22,965.0,50,22,0.3,0.3,<function selTournament at 0x000001C0B6C3F400>,Tournament,1
103,14,946.68,985.0,50,22,0.3,0.3,<function selTournament at 0x000001C0B6C3F400>,Tournament,2
104,5,957.5,960.0,50,23,0.1,0.1,<function selTournament at 0x000001C0B6C3F400>,Tournament,1
105,16,886.0,890.0,50,23,0.1,0.1,<function selTournament at 0x000001C0B6C3F400>,Tournament,2
106,13,951.94,970.0,50,23,0.1,0.3,<function selTournament at 0x000001C0B6C3F400>,Tournament,1
107,16,961.18,970.0,50,23,0.1,0.3,<function selTournament at 0x000001C0B6C3F400>,Tournament,2
108,11,980.78,985.0,50,23,0.3,0.1,<function selTournament at 0x000001C0B6C3F400>,Tournament,1
109,6,932.32,942.0,50,23,0.3,0.1,<function selTournament at 0x000001C0B6C3F400>,Tournament,2
110,11,996.0,1030.0,50,23,0.3,0.3,<function selTournament at 0x000001C0B6C3F400>,Tournament,1
111,20,996.94,1030.0,50,23,0.3,0.3,<function selTournament at 0x000001C0B6C3F400>,Tournament,2
112,9,958.5,965.0,50,24,0.1,0.1,<function selTournament at 0x000001C0B6C3F400>,Tournament,1
113,12,940.62,942.0,50,24,0.1,0.1,<function selTournament at 0x000001C0B6C3F400>,Tournament,2
114,1,939.98,950.0,50,24,0.1,0.3,<function selTournament at 0x000001C0B6C3F400>,Tournament,1
115,16,1004.86,1030.0,50,24,0.1,0.3,<function selTournament at 0x000001C0B6C3F400>,Tournament,2
116,7,935.2,940.0,50,24,0.3,0.1,<function selTournament at 0x000001C0B6C3F400>,Tournament,1
117,3,961.54,965.0,50,24,0.3,0.1,<function selTournament at 0x000001C0B6C3F400>,Tournament,2
118,3,922.68,940.0,50,24,0.3,0.3,<function selTournament at 0x000001C0B6C3F400>,Tournament,1
119,20,963.78,1000.0,50,24,0.3,0.3,<function selTournament at 0x000001C0B6C3F400>,Tournament,2
120,1,854.5,860.0,50,25,0.1,0.1,<function selTournament at 0x000001C0B6C3F400>,Tournament,1
121,23,931.18,985.0,50,25,0.1,0.1,<function selTournament at 0x000001C0B6C3F400>,Tournament,2
122,10,869.24,910.0,50,25,0.1,0.3,<function selTournament at 0x000001C0B6C3F400>,Tournament,1
123,9,952.2,970.0,50,25,0.1,0.3,<function selTournament at 0x000001C0B6C3F400>,Tournament,2
124,24,977.4,990.0,50,25,0.3,0.1,<function selTournament at 0x000001C0B6C3F400>,Tournament,1
125,17,1017.84,1030.0,50,25,0.3,0.1,<function selTournament at 0x000001C0B6C3F400>,Tournament,2
126,18,1022.44,1030.0,50,25,0.3,0.3,<function selTournament at 0x000001C0B6C3F400>,Tournament,1
127,11,998.9,1030.0,50,25,0.3,0.3,<function selTournament at 0x000001C0B6C3F400>,Tournament,2
128,10,957.6,965.0,50,26,0.1,0.1,<function selTournament at 0x000001C0B6C3F400>,Tournament,1
129,11,957.7,965.0,50,26,0.1,0.1,<function selTournament at 0x000001C0B6C3F400>,Tournament,2
130,7,980.4,1000.0,50,26,0.1,0.3,<function selTournament at 0x000001C0B6C3F400>,Tournament,1
131,22,944.1,970.0,50,26,0.1,0.3,<function selTournament at 0x000001C0B6C3F400>,Tournament,2
132,6,963.6,965.0,50,26,0.3,0.1,<function selTournament at 0x000001C0B6C3F400>,Tournament,1
133,17,953.5,965.0,50,26,0.3,0.1,<function selTournament at 0x000001C0B6C3F400>,Tournament,2
134,8,944.64,955.0,50,26,0.3,0.3,<function selTournament at 0x000001C0B6C3F400>,Tournament,1
135,26,952.54,995.0,50,26,0.3,0.3,<function selTournament at 0x000001C0B6C3F400>,Tournament,2
136,21,944.18,950.0,50,27,0.1,0.1,<function selTournament at 0x000001C0B6C3F400>,Tournament,1
137,22,895.0,895.0,50,27,0.1,0.1,<function selTournament at 0x000001C0B6C3F400>,Tournament,2
138,16,966.6,995.0,50,27,0.1,0.3,<function selTournament at 0x000001C0B6C3F400>,Tournament,1
139,16,956.0,967.0,50,27,0.1,0.3,<function selTournament at 0x000001C0B6C3F400>,Tournament,2
140,21,887.7,890.0,50,27,0.3,0.1,<function selTournament at 0x000001C0B6C3F400>,Tournament,1
141,12,912.7,915.0,50,27,0.3,0.1,<function selTournament at 0x000001C0B6C3F400>,Tournament,2
142,8,961.34,990.0,50,27,0.3,0.3,<function selTournament at 0x000001C0B6C3F400>,Tournament,1
143,21,937.2,965.0,50,27,0.3,0.3,<function selTournament at 0x000001C0B6C3F400>,Tournament,2
144,20,1026.38,1030.0,50,28,0.1,0.1,<function selTournament at 0x000001C0B6C3F400>,Tournament,1
145,21,935.34,940.0,50,28,0.1,0.1,<function selTournament at 0x000001C0B6C3F400>,Tournament,2
146,13,944.6,975.0,50,28,0.1,0.3,<function selTournament at 0x000001C0B6C3F400>,Tournament,1
147,21,966.84,987.0,50,28,0.1,0.3,<function selTournament at 0x000001C0B6C3F400>,Tournament,2
148,19,1022.58,1030.0,50,28,0.3,0.1,<function selTournament at 0x000001C0B6C3F400>,Tournament,1
149,16,994.5,1000.0,50,28,0.3,0.1,<function selTournament at 0x000001C0B6C3F400>,Tournament,2
150,23,995.2,1010.0,50,28,0.3,0.3,<function selTournament at 0x000001C0B6C3F400>,Tournament,1
151,8,991.02,1005.0,50,28,0.3,0.3,<function selTournament at 0x000001C0B6C3F400>,Tournament,2
152,22,996.84,1005.0,50,29,0.1,0.1,<function selTournament at 0x000001C0B6C3F400>,Tournament,1
153,22,890.6,895.0,50,29,0.1,0.1,<function selTournament at 0x000001C0B6C3F400>,Tournament,2
154,15,928.06,955.0,50,29,0.1,0.3,<function selTournament at 0x000001C0B6C3F400>,Tournament,1
155,24,938.8,957.0,50,29,0.1,0.3,<function selTournament at 0x000001C0B6C3F400>,Tournament,2
156,7,978.54,995.0,50,29,0.3,0.1,<function selTournament at 0x000001C0B6C3F400>,Tournament,1
157,13,955.18,965.0,50,29,0.3,0.1,<function selTournament at 0x000001C0B6C3F400>,Tournament,2
158,16,1011.52,1030.0,50,29,0.3,0.3,<function selTournament at 0x000001C0B6C3F400>,Tournament,1
159,9,983.1,1000.0,50,29,0.3,0.3,<function selTournament at 0x000001C0B6C3F400>,Tournament,2
160,2,900.5,910.0,50,30,0.1,0.1,<function selTournament at 0x000001C0B6C3F400>,Tournament,1
161,26,994.48,1000.0,50,30,0.1,0.1,<function selTournament at 0x000001C0B6C3F400>,Tournament,2
162,6,910.2,940.0,50,30,0.1,0.3,<function selTournament at 0x000001C0B6C3F400>,Tournament,1
163,30,954.72,1000.0,50,30,0.1,0.3,<function selTournament at 0x000001C0B6C3F400>,Tournament,2
164,9,1001.84,1005.0,50,30,0.3,0.1,<function selTournament at 0x000001C0B6C3F400>,Tournament,1
165,1,929.64,940.0,50,30,0.3,0.1,<function selTournament at 0x000001C0B6C3F400>,Tournament,2
166,16,938.42,957.0,50,30,0.3,0.3,<function selTournament at 0x000001C0B6C3F400>,Tournament,1
167,9,1003.3,1030.0,50,30,0.3,0.3,<function selTournament at 0x000001C0B6C3F400>,Tournament,2
168,22,906.6,910.0,50,31,0.1,0.1,<function selTournament at 0x000001C0B6C3F400>,Tournament,1
169,31,939.98,952.0,50,31,0.1,0.1,<function selTournament at 0x000001C0B6C3F400>,Tournament,2
170,11,948.1,970.0,50,31,0.1,0.3,<function selTournament at 0x000001C0B6C3F400>,Tournament,1
171,10,956.9,965.0,50,31,0.1,0.3,<function selTournament at 0x000001C0B6C3F400>,Tournament,2
172,11,909.8,915.0,50,31,0.3,0.1,<function selTournament at 0x000001C0B6C3F400>,Tournament,1
173,10,992.28,995.0,50,31,0.3,0.1,<function selTournament at 0x000001C0B6C3F400>,Tournament,2
174,12,1021.74,1030.0,50,31,0.3,0.3,<function selTournament at 0x000001C0B6C3F400>,Tournament,1
175,5,955.14,970.0,50,31,0.3,0.3,<function selTournament at 0x000001C0B6C3F400>,Tournament,2
176,3,906.3,915.0,50,32,0.1,0.1,<function selTournament at 0x000001C0B6C3F400>,Tournament,1
177,27,929.36,937.0,50,32,0.1,0.1,<function selTournament at 0x000001C0B6C3F400>,Tournament,2
178,30,902.34,965.0,50,32,0.1,0.3,<function selTournament at 0x000001C0B6C3F400>,Tournament,1
179,13,992.28,1002.0,50,32,0.1,0.3,<function selTournament at 0x000001C0B6C3F400>,Tournament,2
180,12,969.2,970.0,50,32,0.3,0.1,<function selTournament at 0x000001C0B6C3F400>,Tournament,1
181,28,948.4,970.0,50,32,0.3,0.1,<function selTournament at 0x000001C0B6C3F400>,Tournament,2
182,10,956.64,972.0,50,32,0.3,0.3,<function selTournament at 0x000001C0B6C3F400>,Tournament,1
183,1,874.9,890.0,50,32,0.3,0.3,<function selTournament at 0x000001C0B6C3F400>,Tournament,2
184,25,1024.5,1030.0,50,33,0.1,0.1,<function selTournament at 0x000001C0B6C3F400>,Tournament,1
185,32,914.68,935.0,50,33,0.1,0.1,<function selTournament at 0x000001C0B6C3F400>,Tournament,2
186,32,945.46,960.0,50,33,0.1,0.3,<function selTournament at 0x000001C0B6C3F400>,Tournament,1
187,13,939.64,960.0,50,33,0.1,0.3,<function selTournament at 0x000001C0B6C3F400>,Tournament,2
188,33,1005.0,1030.0,50,33,0.3,0.1,<function selTournament at 0x000001C0B6C3F400>,Tournament,1
189,6,991.24,995.0,50,33,0.3,0.1,<function selTournament at 0x000001C0B6C3F400>,Tournament,2
190,32,927.6,980.0,50,33,0.3,0.3,<function selTournament at 0x000001C0B6C3F400>,Tournament,1
191,16,970.36,990.0,50,33,0.3,0.3,<function selTournament at 0x000001C0B6C3F400>,Tournament,2
192,22,996.5,1000.0,50,34,0.1,0.1,<function selTournament at 0x000001C0B6C3F400>,Tournament,1
193,20,911.38,915.0,50,34,0.1,0.1,<function selTournament at 0x000001C0B6C3F400>,Tournament,2
194,6,958.7,970.0,50,34,0.1,0.3,<function selTournament at 0x000001C0B6C3F400>,Tournament,1
195,30,949.46,977.0,50,34,0.1,0.3,<function selTournament at 0x000001C0B6C3F400>,Tournament,2
196,5,945.8,950.0,50,34,0.3,0.1,<function selTournament at 0x000001C0B6C3F400>,Tournament,1
197,16,1017.1,1030.0,50,34,0.3,0.1,<function selTournament at 0x000001C0B6C3F400>,Tournament,2
198,5,859.4,865.0,50,34,0.3,0.3,<function selTournament at 0x000001C0B6C3F400>,Tournament,1
199,22,958.24,965.0,50,34,0.3,0.3,<function selTournament at 0x000001C0B6C3F400>,Tournament,2
200,30,934.8,945.0,50,35,0.1,0.1,<function selTournament at 0x000001C0B6C3F400>,Tournament,1
201,16,920.1,925.0,50,35,0.1,0.1,<function selTournament at 0x000001C0B6C3F400>,Tournament,2
202,15,963.3,985.0,50,35,0.1,0.3,<function selTournament at 0x000001C0B6C3F400>,Tournament,1
203,31,955.4,990.0,50,35,0.1,0.3,<function selTournament at 0x000001C0B6C3F400>,Tournament,2
204,31,911.4,925.0,50,35,0.3,0.1,<function selTournament at 0x000001C0B6C3F400>,Tournament,1
205,13,979.38,987.0,50,35,0.3,0.1,<function selTournament at 0x000001C0B6C3F400>,Tournament,2
206,10,960.5,990.0,50,35,0.3,0.3,<function selTournament at 0x000001C0B6C3F400>,Tournament,1
207,20,1003.74,1030.0,50,35,0.3,0.3,<function selTournament at 0x000001C0B6C3F400>,Tournament,2
208,32,984.9,1002.0,50,36,0.1,0.1,<function selTournament at 0x000001C0B6C3F400>,Tournament,1
209,22,989.54,995.0,50,36,0.1,0.1,<function selTournament at 0x000001C0B6C3F400>,Tournament,2
210,11,988.72,1002.0,50,36,0.1,0.3,<function selTournament at 0x000001C0B6C3F400>,Tournament,1
211,15,968.76,1000.0,50,36,0.1,0.3,<function selTournament at 0x000001C0B6C3F400>,Tournament,2
212,33,933.32,970.0,50,36,0.3,0.1,<function selTournament at 0x000001C0B6C3F400>,Tournament,1
213,14,912.14,915.0,50,36,0.3,0.1,<function selTournament at 0x000001C0B6C3F400>,Tournament,2
214,34,963.4,1000.0,50,36,0.3,0.3,<function selTournament at 0x000001C0B6C3F400>,Tournament,1
215,13,1022.78,1030.0,50,36,0.3,0.3,<function selTournament at 0x000001C0B6C3F400>,Tournament,2
216,37,983.2,1010.0,50,37,0.1,0.1,<function selTournament at 0x000001C0B6C3F400>,Tournament,1
217,22,903.0,905.0,50,37,0.1,0.1,<function selTournament at 0x000001C0B6C3F400>,Tournament,2
218,18,965.3,985.0,50,37,0.1,0.3,<function selTournament at 0x000001C0B6C3F400>,Tournament,1
219,20,1006.9,1030.0,50,37,0.1,0.3,<function selTournament at 0x000001C0B6C3F400>,Tournament,2
220,22,996.54,1000.0,50,37,0.3,0.1,<function selTournament at 0x000001C0B6C3F400>,Tournament,1
221,8,914.0,915.0,50,37,0.3,0.1,<function selTournament at 0x000001C0B6C3F400>,Tournament,2
222,15,1018.22,1030.0,50,37,0.3,0.3,<function selTournament at 0x000001C0B6C3F400>,Tournament,1
223,18,948.7,970.0,50,37,0.3,0.3,<function selTournament at 0x000001C0B6C3F400>,Tournament,2
224,15,907.1,910.0,50,38,0.1,0.1,<function selTournament at 0x000001C0B6C3F400>,Tournament,1
225,23,966.9,970.0,50,38,0.1,0.1,<function selTournament at 0x000001C0B6C3F400>,Tournament,2
226,19,982.9,1000.0,50,38,0.1,0.3,<function selTournament at 0x000001C0B6C3F400>,Tournament,1
227,17,995.54,1005.0,50,38,0.1,0.3,<function selTournament at 0x000001C0B6C3F400>,Tournament,2
228,1,940.0,940.0,50,38,0.3,0.1,<function selTournament at 0x000001C0B6C3F400>,Tournament,1
229,12,981.34,990.0,50,38,0.3,0.1,<function selTournament at 0x000001C0B6C3F400>,Tournament,2
230,11,1001.1,1030.0,50,38,0.3,0.3,<function selTournament at 0x000001C0B6C3F400>,Tournament,1
231,3,990.2,1000.0,50,38,0.3,0.3,<function selTournament at 0x000001C0B6C3F400>,Tournament,2
232,36,909.8,920.0,50,39,0.1,0.1,<function selTournament at 0x000001C0B6C3F400>,Tournament,1
233,3,968.6,970.0,50,39,0.1,0.1,<function selTournament at 0x000001C0B6C3F400>,Tournament,2
234,22,975.5,1000.0,50,39,0.1,0.3,<function selTournament at 0x000001C0B6C3F400>,Tournament,1
235,23,964.8,980.0,50,39,0.1,0.3,<function selTournament at 0x000001C0B6C3F400>,Tournament,2
236,10,922.12,927.0,50,39,0.3,0.1,<function selTournament at 0x000001C0B6C3F400>,Tournament,1
237,28,957.74,965.0,50,39,0.3,0.1,<function selTournament at 0x000001C0B6C3F400>,Tournament,2
238,8,994.1,1000.0,50,39,0.3,0.3,<function selTournament at 0x000001C0B6C3F400>,Tournament,1
239,11,1006.2,1030.0,50,39,0.3,0.3,<function selTournament at 0x000001C0B6C3F400>,Tournament,2
240,3,944.8,950.0,50,10,0.1,0.1,<function selRoulette at 0x000001C0B6C3F490>,Roulette,1
241,1,869.44,875.0,50,10,0.1,0.1,<function selRoulette at 0x000001C0B6C3F490>,Roulette,2
242,8,947.1,965.0,50,10,0.1,0.3,<function selRoulette at 0x000001C0B6C3F490>,Roulette,1
243,3,910.8,915.0,50,10,0.1,0.3,<function selRoulette at 0x000001C0B6C3F490>,Roulette,2
244,2,914.2,920.0,50,10,0.3,0.1,<function selRoulette at 0x000001C0B6C3F490>,Roulette,1
245,10,903.04,965.0,50,10,0.3,0.1,<function selRoulette at 0x000001C0B6C3F490>,Roulette,2
246,6,923.74,950.0,50,10,0.3,0.3,<function selRoulette at 0x000001C0B6C3F490>,Roulette,1
247,6,913.58,962.0,50,10,0.3,0.3,<function selRoulette at 0x000001C0B6C3F490>,Roulette,2
248,8,802.5,805.0,50,11,0.1,0.1,<function selRoulette at 0x000001C0B6C3F490>,Roulette,1
249,1,867.9,870.0,50,11,0.1,0.1,<function selRoulette at 0x000001C0B6C3F490>,Roulette,2
250,10,860.7,915.0,50,11,0.1,0.3,<function selRoulette at 0x000001C0B6C3F490>,Roulette,1
251,10,861.04,965.0,50,11,0.1,0.3,<function selRoulette at 0x000001C0B6C3F490>,Roulette,2
252,11,930.44,950.0,50,11,0.3,0.1,<function selRoulette at 0x000001C0B6C3F490>,Roulette,1
253,11,867.2,910.0,50,11,0.3,0.1,<function selRoulette at 0x000001C0B6C3F490>,Roulette,2
254,7,892.2,940.0,50,11,0.3,0.3,<function selRoulette at 0x000001C0B6C3F490>,Roulette,1
255,6,875.7,900.0,50,11,0.3,0.3,<function selRoulette at 0x000001C0B6C3F490>,Roulette,2
256,6,947.62,962.0,50,12,0.1,0.1,<function selRoulette at 0x000001C0B6C3F490>,Roulette,1
257,1,886.7,890.0,50,12,0.1,0.1,<function selRoulette at 0x000001C0B6C3F490>,Roulette,2
258,4,952.5,965.0,50,12,0.1,0.3,<function selRoulette at 0x000001C0B6C3F490>,Roulette,1
259,5,910.64,920.0,50,12,0.1,0.3,<function selRoulette at 0x000001C0B6C3F490>,Roulette,2
260,2,910.0,915.0,50,12,0.3,0.1,<function selRoulette at 0x000001C0B6C3F490>,Roulette,1
261,11,892.8,950.0,50,12,0.3,0.1,<function selRoulette at 0x000001C0B6C3F490>,Roulette,2
262,3,950.88,970.0,50,12,0.3,0.3,<function selRoulette at 0x000001C0B6C3F490>,Roulette,1
263,7,955.2,965.0,50,12,0.3,0.3,<function selRoulette at 0x000001C0B6C3F490>,Roulette,2
264,12,873.36,900.0,50,13,0.1,0.1,<function selRoulette at 0x000001C0B6C3F490>,Roulette,1
265,12,956.16,982.0,50,13,0.1,0.1,<function selRoulette at 0x000001C0B6C3F490>,Roulette,2
266,8,928.56,947.0,50,13,0.1,0.3,<function selRoulette at 0x000001C0B6C3F490>,Roulette,1
267,6,929.6,940.0,50,13,0.1,0.3,<function selRoulette at 0x000001C0B6C3F490>,Roulette,2
268,4,930.2,940.0,50,13,0.3,0.1,<function selRoulette at 0x000001C0B6C3F490>,Roulette,1
269,12,928.54,950.0,50,13,0.3,0.1,<function selRoulette at 0x000001C0B6C3F490>,Roulette,2
270,4,925.9,940.0,50,13,0.3,0.3,<function selRoulette at 0x000001C0B6C3F490>,Roulette,1
271,5,878.34,905.0,50,13,0.3,0.3,<function selRoulette at 0x000001C0B6C3F490>,Roulette,2
272,7,1030.0,1030.0,50,14,0.1,0.1,<function selRoulette at 0x000001C0B6C3F490>,Roulette,1
273,1,895.86,897.0,50,14,0.1,0.1,<function selRoulette at 0x000001C0B6C3F490>,Roulette,2
274,12,904.9,955.0,50,14,0.1,0.3,<function selRoulette at 0x000001C0B6C3F490>,Roulette,1
275,11,913.9,955.0,50,14,0.1,0.3,<function selRoulette at 0x000001C0B6C3F490>,Roulette,2
276,12,977.1,1000.0,50,14,0.3,0.1,<function selRoulette at 0x000001C0B6C3F490>,Roulette,1
277,7,947.34,950.0,50,14,0.3,0.1,<function selRoulette at 0x000001C0B6C3F490>,Roulette,2
278,14,876.9,930.0,50,14,0.3,0.3,<function selRoulette at 0x000001C0B6C3F490>,Roulette,1
279,6,964.4,990.0,50,14,0.3,0.3,<function selRoulette at 0x000001C0B6C3F490>,Roulette,2
280,12,874.4,890.0,50,15,0.1,0.1,<function selRoulette at 0x000001C0B6C3F490>,Roulette,1
281,7,939.0,940.0,50,15,0.1,0.1,<function selRoulette at 0x000001C0B6C3F490>,Roulette,2
282,12,924.6,955.0,50,15,0.1,0.3,<function selRoulette at 0x000001C0B6C3F490>,Roulette,1
283,10,932.36,950.0,50,15,0.1,0.3,<function selRoulette at 0x000001C0B6C3F490>,Roulette,2
284,3,941.4,950.0,50,15,0.3,0.1,<function selRoulette at 0x000001C0B6C3F490>,Roulette,1
285,15,923.52,957.0,50,15,0.3,0.1,<function selRoulette at 0x000001C0B6C3F490>,Roulette,2
286,7,1005.04,1030.0,50,15,0.3,0.3,<function selRoulette at 0x000001C0B6C3F490>,Roulette,1
287,6,1006.9,1030.0,50,15,0.3,0.3,<function selRoulette at 0x000001C0B6C3F490>,Roulette,2
288,15,904.2,930.0,50,16,0.1,0.1,<function selRoulette at 0x000001C0B6C3F490>,Roulette,1
289,15,914.78,932.0,50,16,0.1,0.1,<function selRoulette at 0x000001C0B6C3F490>,Roulette,2
290,5,916.14,935.0,50,16,0.1,0.3,<function selRoulette at 0x000001C0B6C3F490>,Roulette,1
291,13,920.48,950.0,50,16,0.1,0.3,<function selRoulette at 0x000001C0B6C3F490>,Roulette,2
292,9,960.94,970.0,50,16,0.3,0.1,<function selRoulette at 0x000001C0B6C3F490>,Roulette,1
293,14,975.8,1000.0,50,16,0.3,0.1,<function selRoulette at 0x000001C0B6C3F490>,Roulette,2
294,14,967.84,1030.0,50,16,0.3,0.3,<function selRoulette at 0x000001C0B6C3F490>,Roulette,1
295,16,956.46,1030.0,50,16,0.3,0.3,<function selRoulette at 0x000001C0B6C3F490>,Roulette,2
296,13,955.4,965.0,50,17,0.1,0.1,<function selRoulette at 0x000001C0B6C3F490>,Roulette,1
297,17,936.8,965.0,50,17,0.1,0.1,<function selRoulette at 0x000001C0B6C3F490>,Roulette,2
298,3,960.34,970.0,50,17,0.1,0.3,<function selRoulette at 0x000001C0B6C3F490>,Roulette,1
299,10,955.2,965.0,50,17,0.1,0.3,<function selRoulette at 0x000001C0B6C3F490>,Roulette,2
300,5,926.04,945.0,50,17,0.3,0.1,<function selRoulette at 0x000001C0B6C3F490>,Roulette,1
301,8,963.7,965.0,50,17,0.3,0.1,<function selRoulette at 0x000001C0B6C3F490>,Roulette,2
302,11,941.0,960.0,50,17,0.3,0.3,<function selRoulette at 0x000001C0B6C3F490>,Roulette,1
303,14,935.04,965.0,50,17,0.3,0.3,<function selRoulette at 0x000001C0B6C3F490>,Roulette,2
304,16,870.78,910.0,50,18,0.1,0.1,<function selRoulette at 0x000001C0B6C3F490>,Roulette,1
305,12,943.4,955.0,50,18,0.1,0.1,<function selRoulette at 0x000001C0B6C3F490>,Roulette,2
306,5,990.5,1000.0,50,18,0.1,0.3,<function selRoulette at 0x000001C0B6C3F490>,Roulette,1
307,3,897.2,915.0,50,18,0.1,0.3,<function selRoulette at 0x000001C0B6C3F490>,Roulette,2
308,7,977.5,985.0,50,18,0.3,0.1,<function selRoulette at 0x000001C0B6C3F490>,Roulette,1
309,4,962.4,965.0,50,18,0.3,0.1,<function selRoulette at 0x000001C0B6C3F490>,Roulette,2
310,15,927.4,975.0,50,18,0.3,0.3,<function selRoulette at 0x000001C0B6C3F490>,Roulette,1
311,4,949.04,965.0,50,18,0.3,0.3,<function selRoulette at 0x000001C0B6C3F490>,Roulette,2
312,18,972.6,995.0,50,19,0.1,0.1,<function selRoulette at 0x000001C0B6C3F490>,Roulette,1
313,7,950.42,960.0,50,19,0.1,0.1,<function selRoulette at 0x000001C0B6C3F490>,Roulette,2
314,13,952.08,967.0,50,19,0.1,0.3,<function selRoulette at 0x000001C0B6C3F490>,Roulette,1
315,17,903.1,950.0,50,19,0.1,0.3,<function selRoulette at 0x000001C0B6C3F490>,Roulette,2
316,4,958.04,960.0,50,19,0.3,0.1,<function selRoulette at 0x000001C0B6C3F490>,Roulette,1
317,16,945.7,950.0,50,19,0.3,0.1,<function selRoulette at 0x000001C0B6C3F490>,Roulette,2
318,13,1006.0,1030.0,50,19,0.3,0.3,<function selRoulette at 0x000001C0B6C3F490>,Roulette,1
319,11,940.0,965.0,50,19,0.3,0.3,<function selRoulette at 0x000001C0B6C3F490>,Roulette,2
320,7,973.7,980.0,50,20,0.1,0.1,<function selRoulette at 0x000001C0B6C3F490>,Roulette,1
321,5,959.7,965.0,50,20,0.1,0.1,<function selRoulette at 0x000001C0B6C3F490>,Roulette,2
322,9,893.8,915.0,50,20,0.1,0.3,<function selRoulette at 0x000001C0B6C3F490>,Roulette,1
323,9,948.7,970.0,50,20,0.1,0.3,<function selRoulette at 0x000001C0B6C3F490>,Roulette,2
324,9,948.54,950.0,50,20,0.3,0.1,<function selRoulette at 0x000001C0B6C3F490>,Roulette,1
325,11,998.3,1000.0,50,20,0.3,0.1,<function selRoulette at 0x000001C0B6C3F490>,Roulette,2
326,8,1005.58,1030.0,50,20,0.3,0.3,<function selRoulette at 0x000001C0B6C3F490>,Roulette,1
327,12,1009.2,1030.0,50,20,0.3,0.3,<function selRoulette at 0x000001C0B6C3F490>,Roulette,2
328,17,920.64,965.0,50,21,0.1,0.1,<function selRoulette at 0x000001C0B6C3F490>,Roulette,1
329,20,900.82,987.0,50,21,0.1,0.1,<function selRoulette at 0x000001C0B6C3F490>,Roulette,2
330,12,981.78,1005.0,50,21,0.1,0.3,<function selRoulette at 0x000001C0B6C3F490>,Roulette,1
331,16,933.6,960.0,50,21,0.1,0.3,<function selRoulette at 0x000001C0B6C3F490>,Roulette,2
332,8,966.64,970.0,50,21,0.3,0.1,<function selRoulette at 0x000001C0B6C3F490>,Roulette,1
333,10,964.7,965.0,50,21,0.3,0.1,<function selRoulette at 0x000001C0B6C3F490>,Roulette,2
334,6,985.82,1000.0,50,21,0.3,0.3,<function selRoulette at 0x000001C0B6C3F490>,Roulette,1
335,13,980.98,1000.0,50,21,0.3,0.3,<function selRoulette at 0x000001C0B6C3F490>,Roulette,2
336,22,916.3,930.0,50,22,0.1,0.1,<function selRoulette at 0x000001C0B6C3F490>,Roulette,1
337,16,941.68,945.0,50,22,0.1,0.1,<function selRoulette at 0x000001C0B6C3F490>,Roulette,2
338,17,930.1,950.0,50,22,0.1,0.3,<function selRoulette at 0x000001C0B6C3F490>,Roulette,1
339,6,940.6,970.0,50,22,0.1,0.3,<function selRoulette at 0x000001C0B6C3F490>,Roulette,2
340,13,945.2,950.0,50,22,0.3,0.1,<function selRoulette at 0x000001C0B6C3F490>,Roulette,1
341,16,1017.9,1030.0,50,22,0.3,0.1,<function selRoulette at 0x000001C0B6C3F490>,Roulette,2
342,13,958.08,967.0,50,22,0.3,0.3,<function selRoulette at 0x000001C0B6C3F490>,Roulette,1
343,9,922.18,940.0,50,22,0.3,0.3,<function selRoulette at 0x000001C0B6C3F490>,Roulette,2
344,19,919.0,920.0,50,23,0.1,0.1,<function selRoulette at 0x000001C0B6C3F490>,Roulette,1
345,11,959.0,965.0,50,23,0.1,0.1,<function selRoulette at 0x000001C0B6C3F490>,Roulette,2
346,13,988.5,1000.0,50,23,0.1,0.3,<function selRoulette at 0x000001C0B6C3F490>,Roulette,1
347,7,971.74,990.0,50,23,0.1,0.3,<function selRoulette at 0x000001C0B6C3F490>,Roulette,2
348,7,950.0,950.0,50,23,0.3,0.1,<function selRoulette at 0x000001C0B6C3F490>,Roulette,1
349,5,952.4,955.0,50,23,0.3,0.1,<function selRoulette at 0x000001C0B6C3F490>,Roulette,2
350,6,941.78,960.0,50,23,0.3,0.3,<function selRoulette at 0x000001C0B6C3F490>,Roulette,1
351,16,904.38,915.0,50,23,0.3,0.3,<function selRoulette at 0x000001C0B6C3F490>,Roulette,2
352,13,977.0,980.0,50,24,0.1,0.1,<function selRoulette at 0x000001C0B6C3F490>,Roulette,1
353,18,888.4,892.0,50,24,0.1,0.1,<function selRoulette at 0x000001C0B6C3F490>,Roulette,2
354,21,914.66,950.0,50,24,0.1,0.3,<function selRoulette at 0x000001C0B6C3F490>,Roulette,1
355,1,948.94,965.0,50,24,0.1,0.3,<function selRoulette at 0x000001C0B6C3F490>,Roulette,2
356,16,961.94,967.0,50,24,0.3,0.1,<function selRoulette at 0x000001C0B6C3F490>,Roulette,1
357,12,978.0,980.0,50,24,0.3,0.1,<function selRoulette at 0x000001C0B6C3F490>,Roulette,2
358,19,949.8,970.0,50,24,0.3,0.3,<function selRoulette at 0x000001C0B6C3F490>,Roulette,1
359,18,991.42,1002.0,50,24,0.3,0.3,<function selRoulette at 0x000001C0B6C3F490>,Roulette,2
360,7,965.54,970.0,50,25,0.1,0.1,<function selRoulette at 0x000001C0B6C3F490>,Roulette,1
361,17,961.7,965.0,50,25,0.1,0.1,<function selRoulette at 0x000001C0B6C3F490>,Roulette,2
362,22,988.4,1030.0,50,25,0.1,0.3,<function selRoulette at 0x000001C0B6C3F490>,Roulette,1
363,2,903.84,915.0,50,25,0.1,0.3,<function selRoulette at 0x000001C0B6C3F490>,Roulette,2
364,20,991.58,1000.0,50,25,0.3,0.1,<function selRoulette at 0x000001C0B6C3F490>,Roulette,1
365,17,944.04,945.0,50,25,0.3,0.1,<function selRoulette at 0x000001C0B6C3F490>,Roulette,2
366,9,952.3,960.0,50,25,0.3,0.3,<function selRoulette at 0x000001C0B6C3F490>,Roulette,1
367,23,998.54,1030.0,50,25,0.3,0.3,<function selRoulette at 0x000001C0B6C3F490>,Roulette,2
368,8,968.88,980.0,50,26,0.1,0.1,<function selRoulette at 0x000001C0B6C3F490>,Roulette,1
369,10,902.7,905.0,50,26,0.1,0.1,<function selRoulette at 0x000001C0B6C3F490>,Roulette,2
370,15,972.4,985.0,50,26,0.1,0.3,<function selRoulette at 0x000001C0B6C3F490>,Roulette,1
371,23,988.2,1030.0,50,26,0.1,0.3,<function selRoulette at 0x000001C0B6C3F490>,Roulette,2
372,22,1023.68,1030.0,50,26,0.3,0.1,<function selRoulette at 0x000001C0B6C3F490>,Roulette,1
373,1,949.7,950.0,50,26,0.3,0.1,<function selRoulette at 0x000001C0B6C3F490>,Roulette,2
374,17,977.18,1002.0,50,26,0.3,0.3,<function selRoulette at 0x000001C0B6C3F490>,Roulette,1
375,23,966.5,1010.0,50,26,0.3,0.3,<function selRoulette at 0x000001C0B6C3F490>,Roulette,2
376,20,1018.44,1030.0,50,27,0.1,0.1,<function selRoulette at 0x000001C0B6C3F490>,Roulette,1
377,15,927.1,930.0,50,27,0.1,0.1,<function selRoulette at 0x000001C0B6C3F490>,Roulette,2
378,18,991.9,1002.0,50,27,0.1,0.3,<function selRoulette at 0x000001C0B6C3F490>,Roulette,1
379,10,929.62,950.0,50,27,0.1,0.3,<function selRoulette at 0x000001C0B6C3F490>,Roulette,2
380,25,994.5,1000.0,50,27,0.3,0.1,<function selRoulette at 0x000001C0B6C3F490>,Roulette,1
381,15,983.8,990.0,50,27,0.3,0.1,<function selRoulette at 0x000001C0B6C3F490>,Roulette,2
382,8,952.72,965.0,50,27,0.3,0.3,<function selRoulette at 0x000001C0B6C3F490>,Roulette,1
383,11,946.4,972.0,50,27,0.3,0.3,<function selRoulette at 0x000001C0B6C3F490>,Roulette,2
384,14,975.76,977.0,50,28,0.1,0.1,<function selRoulette at 0x000001C0B6C3F490>,Roulette,1
385,17,963.8,970.0,50,28,0.1,0.1,<function selRoulette at 0x000001C0B6C3F490>,Roulette,2
386,11,1011.12,1030.0,50,28,0.1,0.3,<function selRoulette at 0x000001C0B6C3F490>,Roulette,1
387,28,947.7,955.0,50,28,0.1,0.3,<function selRoulette at 0x000001C0B6C3F490>,Roulette,2
388,12,951.6,957.0,50,28,0.3,0.1,<function selRoulette at 0x000001C0B6C3F490>,Roulette,1
389,26,927.78,955.0,50,28,0.3,0.1,<function selRoulette at 0x000001C0B6C3F490>,Roulette,2
390,5,945.64,950.0,50,28,0.3,0.3,<function selRoulette at 0x000001C0B6C3F490>,Roulette,1
391,13,980.3,1000.0,50,28,0.3,0.3,<function selRoulette at 0x000001C0B6C3F490>,Roulette,2
392,7,920.0,920.0,50,29,0.1,0.1,<function selRoulette at 0x000001C0B6C3F490>,Roulette,1
393,11,947.6,950.0,50,29,0.1,0.1,<function selRoulette at 0x000001C0B6C3F490>,Roulette,2
394,7,874.8,890.0,50,29,0.1,0.3,<function selRoulette at 0x000001C0B6C3F490>,Roulette,1
395,16,1004.3,1030.0,50,29,0.1,0.3,<function selRoulette at 0x000001C0B6C3F490>,Roulette,2
396,8,1000.0,1000.0,50,29,0.3,0.1,<function selRoulette at 0x000001C0B6C3F490>,Roulette,1
397,5,1000.7,1005.0,50,29,0.3,0.1,<function selRoulette at 0x000001C0B6C3F490>,Roulette,2
398,6,969.6,1000.0,50,29,0.3,0.3,<function selRoulette at 0x000001C0B6C3F490>,Roulette,1
399,13,1007.08,1030.0,50,29,0.3,0.3,<function selRoulette at 0x000001C0B6C3F490>,Roulette,2
400,20,942.6,945.0,50,30,0.1,0.1,<function selRoulette at 0x000001C0B6C3F490>,Roulette,1
401,29,956.06,982.0,50,30,0.1,0.1,<function selRoulette at 0x000001C0B6C3F490>,Roulette,2
402,16,947.14,970.0,50,30,0.1,0.3,<function selRoulette at 0x000001C0B6C3F490>,Roulette,1
403,13,995.34,1005.0,50,30,0.1,0.3,<function selRoulette at 0x000001C0B6C3F490>,Roulette,2
404,1,884.94,890.0,50,30,0.3,0.1,<function selRoulette at 0x000001C0B6C3F490>,Roulette,1
405,5,994.44,1005.0,50,30,0.3,0.1,<function selRoulette at 0x000001C0B6C3F490>,Roulette,2
406,5,942.6,965.0,50,30,0.3,0.3,<function selRoulette at 0x000001C0B6C3F490>,Roulette,1
407,23,931.0,965.0,50,30,0.3,0.3,<function selRoulette at 0x000001C0B6C3F490>,Roulette,2
408,14,961.52,967.0,50,31,0.1,0.1,<function selRoulette at 0x000001C0B6C3F490>,Roulette,1
409,1,926.6,930.0,50,31,0.1,0.1,<function selRoulette at 0x000001C0B6C3F490>,Roulette,2
410,11,919.9,950.0,50,31,0.1,0.3,<function selRoulette at 0x000001C0B6C3F490>,Roulette,1
411,3,942.84,960.0,50,31,0.1,0.3,<function selRoulette at 0x000001C0B6C3F490>,Roulette,2
412,5,947.3,950.0,50,31,0.3,0.1,<function selRoulette at 0x000001C0B6C3F490>,Roulette,1
413,27,916.18,965.0,50,31,0.3,0.1,<function selRoulette at 0x000001C0B6C3F490>,Roulette,2
414,28,949.14,972.0,50,31,0.3,0.3,<function selRoulette at 0x000001C0B6C3F490>,Roulette,1
415,12,931.44,940.0,50,31,0.3,0.3,<function selRoulette at 0x000001C0B6C3F490>,Roulette,2
416,30,937.5,960.0,50,32,0.1,0.1,<function selRoulette at 0x000001C0B6C3F490>,Roulette,1
417,24,910.5,920.0,50,32,0.1,0.1,<function selRoulette at 0x000001C0B6C3F490>,Roulette,2
418,23,1006.44,1030.0,50,32,0.1,0.3,<function selRoulette at 0x000001C0B6C3F490>,Roulette,1
419,15,895.04,910.0,50,32,0.1,0.3,<function selRoulette at 0x000001C0B6C3F490>,Roulette,2
420,8,961.5,965.0,50,32,0.3,0.1,<function selRoulette at 0x000001C0B6C3F490>,Roulette,1
421,11,946.44,950.0,50,32,0.3,0.1,<function selRoulette at 0x000001C0B6C3F490>,Roulette,2
422,30,949.88,970.0,50,32,0.3,0.3,<function selRoulette at 0x000001C0B6C3F490>,Roulette,1
423,7,959.04,970.0,50,32,0.3,0.3,<function selRoulette at 0x000001C0B6C3F490>,Roulette,2
424,4,960.6,965.0,50,33,0.1,0.1,<function selRoulette at 0x000001C0B6C3F490>,Roulette,1
425,20,975.12,982.0,50,33,0.1,0.1,<function selRoulette at 0x000001C0B6C3F490>,Roulette,2
426,15,903.84,920.0,50,33,0.1,0.3,<function selRoulette at 0x000001C0B6C3F490>,Roulette,1
427,16,984.82,1005.0,50,33,0.1,0.3,<function selRoulette at 0x000001C0B6C3F490>,Roulette,2
428,23,987.94,1000.0,50,33,0.3,0.1,<function selRoulette at 0x000001C0B6C3F490>,Roulette,1
429,22,958.8,965.0,50,33,0.3,0.1,<function selRoulette at 0x000001C0B6C3F490>,Roulette,2
430,10,982.58,1000.0,50,33,0.3,0.3,<function selRoulette at 0x000001C0B6C3F490>,Roulette,1
431,27,974.2,1010.0,50,33,0.3,0.3,<function selRoulette at 0x000001C0B6C3F490>,Roulette,2
432,14,997.4,1000.0,50,34,0.1,0.1,<function selRoulette at 0x000001C0B6C3F490>,Roulette,1
433,7,946.4,950.0,50,34,0.1,0.1,<function selRoulette at 0x000001C0B6C3F490>,Roulette,2
434,19,1007.16,1030.0,50,34,0.1,0.3,<function selRoulette at 0x000001C0B6C3F490>,Roulette,1
435,23,984.8,1000.0,50,34,0.1,0.3,<function selRoulette at 0x000001C0B6C3F490>,Roulette,2
436,32,920.38,952.0,50,34,0.3,0.1,<function selRoulette at 0x000001C0B6C3F490>,Roulette,1
437,31,1015.2,1030.0,50,34,0.3,0.1,<function selRoulette at 0x000001C0B6C3F490>,Roulette,2
438,18,981.14,1000.0,50,34,0.3,0.3,<function selRoulette at 0x000001C0B6C3F490>,Roulette,1
439,34,956.32,1000.0,50,34,0.3,0.3,<function selRoulette at 0x000001C0B6C3F490>,Roulette,2
440,35,946.42,1000.0,50,35,0.1,0.1,<function selRoulette at 0x000001C0B6C3F490>,Roulette,1
441,12,921.84,925.0,50,35,0.1,0.1,<function selRoulette at 0x000001C0B6C3F490>,Roulette,2
442,21,1005.8,1030.0,50,35,0.1,0.3,<function selRoulette at 0x000001C0B6C3F490>,Roulette,1
443,10,998.74,1005.0,50,35,0.1,0.3,<function selRoulette at 0x000001C0B6C3F490>,Roulette,2
444,22,982.9,990.0,50,35,0.3,0.1,<function selRoulette at 0x000001C0B6C3F490>,Roulette,1
445,15,978.0,985.0,50,35,0.3,0.1,<function selRoulette at 0x000001C0B6C3F490>,Roulette,2
446,4,941.3,965.0,50,35,0.3,0.3,<function selRoulette at 0x000001C0B6C3F490>,Roulette,1
447,34,952.58,995.0,50,35,0.3,0.3,<function selRoulette at 0x000001C0B6C3F490>,Roulette,2
448,18,961.2,965.0,50,36,0.1,0.1,<function selRoulette at 0x000001C0B6C3F490>,Roulette,1
449,22,960.0,965.0,50,36,0.1,0.1,<function selRoulette at 0x000001C0B6C3F490>,Roulette,2
450,33,923.4,945.0,50,36,0.1,0.3,<function selRoulette at 0x000001C0B6C3F490>,Roulette,1
451,14,933.76,955.0,50,36,0.1,0.3,<function selRoulette at 0x000001C0B6C3F490>,Roulette,2
452,33,944.4,955.0,50,36,0.3,0.1,<function selRoulette at 0x000001C0B6C3F490>,Roulette,1
453,13,899.64,900.0,50,36,0.3,0.1,<function selRoulette at 0x000001C0B6C3F490>,Roulette,2
454,17,1014.06,1030.0,50,36,0.3,0.3,<function selRoulette at 0x000001C0B6C3F490>,Roulette,1
455,16,999.24,1030.0,50,36,0.3,0.3,<function selRoulette at 0x000001C0B6C3F490>,Roulette,2
456,34,952.5,965.0,50,37,0.1,0.1,<function selRoulette at 0x000001C0B6C3F490>,Roulette,1
457,25,956.8,967.0,50,37,0.1,0.1,<function selRoulette at 0x000001C0B6C3F490>,Roulette,2
458,14,899.54,915.0,50,37,0.1,0.3,<function selRoulette at 0x000001C0B6C3F490>,Roulette,1
459,31,1012.12,1030.0,50,37,0.1,0.3,<function selRoulette at 0x000001C0B6C3F490>,Roulette,2
460,5,967.3,970.0,50,37,0.3,0.1,<function selRoulette at 0x000001C0B6C3F490>,Roulette,1
461,8,945.9,955.0,50,37,0.3,0.1,<function selRoulette at 0x000001C0B6C3F490>,Roulette,2
462,7,982.34,1000.0,50,37,0.3,0.3,<function selRoulette at 0x000001C0B6C3F490>,Roulette,1
463,23,1005.48,1030.0,50,37,0.3,0.3,<function selRoulette at 0x000001C0B6C3F490>,Roulette,2
464,34,986.4,995.0,50,38,0.1,0.1,<function selRoulette at 0x000001C0B6C3F490>,Roulette,1
465,3,957.4,960.0,50,38,0.1,0.1,<function selRoulette at 0x000001C0B6C3F490>,Roulette,2
466,14,981.22,1000.0,50,38,0.1,0.3,<function selRoulette at 0x000001C0B6C3F490>,Roulette,1
467,2,941.78,960.0,50,38,0.1,0.3,<function selRoulette at 0x000001C0B6C3F490>,Roulette,2
468,1,899.0,910.0,50,38,0.3,0.1,<function selRoulette at 0x000001C0B6C3F490>,Roulette,1
469,22,994.9,1000.0,50,38,0.3,0.1,<function selRoulette at 0x000001C0B6C3F490>,Roulette,2
470,31,975.18,1000.0,50,38,0.3,0.3,<function selRoulette at 0x000001C0B6C3F490>,Roulette,1
471,29,938.18,960.0,50,38,0.3,0.3,<function selRoulette at 0x000001C0B6C3F490>,Roulette,2
472,39,943.5,980.0,50,39,0.1,0.1,<function selRoulette at 0x000001C0B6C3F490>,Roulette,1
473,4,938.0,940.0,50,39,0.1,0.1,<function selRoulette at 0x000001C0B6C3F490>,Roulette,2
474,10,953.6,965.0,50,39,0.1,0.3,<function selRoulette at 0x000001C0B6C3F490>,Roulette,1
475,37,933.16,957.0,50,39,0.1,0.3,<function selRoulette at 0x000001C0B6C3F490>,Roulette,2
476,39,964.4,995.0,50,39,0.3,0.1,<function selRoulette at 0x000001C0B6C3F490>,Roulette,1
477,25,942.3,945.0,50,39,0.3,0.1,<function selRoulette at 0x000001C0B6C3F490>,Roulette,2
478,34,979.3,1005.0,50,39,0.3,0.3,<function selRoulette at 0x000001C0B6C3F490>,Roulette,1
479,10,947.7,970.0,50,39,0.3,0.3,<function selRoulette at 0x000001C0B6C3F490>,Roulette,2
480,8,892.52,910.0,50,10,0.1,0.1,<function selBest at 0x000001C0B6C3F2E0>,Best,1
481,7,919.48,922.0,50,10,0.1,0.1,<function selBest at 0x000001C0B6C3F2E0>,Best,2
482,6,926.2,960.0,50,10,0.1,0.3,<function selBest at 0x000001C0B6C3F2E0>,Best,1
483,5,875.7,910.0,50,10,0.1,0.3,<function selBest at 0x000001C0B6C3F2E0>,Best,2
484,5,918.34,920.0,50,10,0.3,0.1,<function selBest at 0x000001C0B6C3F2E0>,Best,1
485,10,980.1,1005.0,50,10,0.3,0.1,<function selBest at 0x000001C0B6C3F2E0>,Best,2
486,9,908.64,947.0,50,10,0.3,0.3,<function selBest at 0x000001C0B6C3F2E0>,Best,1
487,4,945.1,970.0,50,10,0.3,0.3,<function selBest at 0x000001C0B6C3F2E0>,Best,2
488,8,882.06,900.0,50,11,0.1,0.1,<function selBest at 0x000001C0B6C3F2E0>,Best,1
489,11,859.7,910.0,50,11,0.1,0.1,<function selBest at 0x000001C0B6C3F2E0>,Best,2
490,7,905.9,950.0,50,11,0.1,0.3,<function selBest at 0x000001C0B6C3F2E0>,Best,1
491,10,877.18,897.0,50,11,0.1,0.3,<function selBest at 0x000001C0B6C3F2E0>,Best,2
492,10,891.2,897.0,50,11,0.3,0.1,<function selBest at 0x000001C0B6C3F2E0>,Best,1
493,11,908.3,935.0,50,11,0.3,0.1,<function selBest at 0x000001C0B6C3F2E0>,Best,2
494,11,950.26,1002.0,50,11,0.3,0.3,<function selBest at 0x000001C0B6C3F2E0>,Best,1
495,5,967.4,970.0,50,11,0.3,0.3,<function selBest at 0x000001C0B6C3F2E0>,Best,2
496,12,888.14,910.0,50,12,0.1,0.1,<function selBest at 0x000001C0B6C3F2E0>,Best,1
497,9,906.94,935.0,50,12,0.1,0.1,<function selBest at 0x000001C0B6C3F2E0>,Best,2
498,10,933.2,960.0,50,12,0.1,0.3,<function selBest at 0x000001C0B6C3F2E0>,Best,1
499,9,903.24,955.0,50,12,0.1,0.3,<function selBest at 0x000001C0B6C3F2E0>,Best,2
500,9,910.9,970.0,50,12,0.3,0.1,<function selBest at 0x000001C0B6C3F2E0>,Best,1
501,12,904.84,950.0,50,12,0.3,0.1,<function selBest at 0x000001C0B6C3F2E0>,Best,2
502,8,959.44,1005.0,50,12,0.3,0.3,<function selBest at 0x000001C0B6C3F2E0>,Best,1
503,8,880.98,915.0,50,12,0.3,0.3,<function selBest at 0x000001C0B6C3F2E0>,Best,2
504,12,884.1,945.0,50,13,0.1,0.1,<function selBest at 0x000001C0B6C3F2E0>,Best,1
505,6,945.9,955.0,50,13,0.1,0.1,<function selBest at 0x000001C0B6C3F2E0>,Best,2
506,11,866.0,885.0,50,13,0.1,0.3,<function selBest at 0x000001C0B6C3F2E0>,Best,1
507,12,943.48,985.0,50,13,0.1,0.3,<function selBest at 0x000001C0B6C3F2E0>,Best,2
508,10,944.58,957.0,50,13,0.3,0.1,<function selBest at 0x000001C0B6C3F2E0>,Best,1
509,10,964.18,980.0,50,13,0.3,0.1,<function selBest at 0x000001C0B6C3F2E0>,Best,2
510,7,930.2,940.0,50,13,0.3,0.3,<function selBest at 0x000001C0B6C3F2E0>,Best,1
511,10,931.04,965.0,50,13,0.3,0.3,<function selBest at 0x000001C0B6C3F2E0>,Best,2
512,13,919.62,965.0,50,14,0.1,0.1,<function selBest at 0x000001C0B6C3F2E0>,Best,1
513,9,937.0,940.0,50,14,0.1,0.1,<function selBest at 0x000001C0B6C3F2E0>,Best,2
514,12,896.2,915.0,50,14,0.1,0.3,<function selBest at 0x000001C0B6C3F2E0>,Best,1
515,9,882.34,915.0,50,14,0.1,0.3,<function selBest at 0x000001C0B6C3F2E0>,Best,2
516,7,961.6,970.0,50,14,0.3,0.1,<function selBest at 0x000001C0B6C3F2E0>,Best,1
517,12,909.04,940.0,50,14,0.3,0.1,<function selBest at 0x000001C0B6C3F2E0>,Best,2
518,1,899.6,920.0,50,14,0.3,0.3,<function selBest at 0x000001C0B6C3F2E0>,Best,1
519,13,910.6,942.0,50,14,0.3,0.3,<function selBest at 0x000001C0B6C3F2E0>,Best,2
520,6,927.76,932.0,50,15,0.1,0.1,<function selBest at 0x000001C0B6C3F2E0>,Best,1
521,15,895.7,950.0,50,15,0.1,0.1,<function selBest at 0x000001C0B6C3F2E0>,Best,2
522,12,940.34,965.0,50,15,0.1,0.3,<function selBest at 0x000001C0B6C3F2E0>,Best,1
523,8,956.9,970.0,50,15,0.1,0.3,<function selBest at 0x000001C0B6C3F2E0>,Best,2
524,7,963.4,965.0,50,15,0.3,0.1,<function selBest at 0x000001C0B6C3F2E0>,Best,1
525,3,980.7,990.0,50,15,0.3,0.1,<function selBest at 0x000001C0B6C3F2E0>,Best,2
526,7,955.06,985.0,50,15,0.3,0.3,<function selBest at 0x000001C0B6C3F2E0>,Best,1
527,13,928.34,990.0,50,15,0.3,0.3,<function selBest at 0x000001C0B6C3F2E0>,Best,2
528,14,879.8,912.0,50,16,0.1,0.1,<function selBest at 0x000001C0B6C3F2E0>,Best,1
529,16,942.94,990.0,50,16,0.1,0.1,<function selBest at 0x000001C0B6C3F2E0>,Best,2
530,11,923.9,940.0,50,16,0.1,0.3,<function selBest at 0x000001C0B6C3F2E0>,Best,1
531,14,936.9,980.0,50,16,0.1,0.3,<function selBest at 0x000001C0B6C3F2E0>,Best,2
532,11,1014.0,1030.0,50,16,0.3,0.1,<function selBest at 0x000001C0B6C3F2E0>,Best,1
533,9,1029.0,1030.0,50,16,0.3,0.1,<function selBest at 0x000001C0B6C3F2E0>,Best,2
534,9,980.12,1000.0,50,16,0.3,0.3,<function selBest at 0x000001C0B6C3F2E0>,Best,1
535,10,974.18,1002.0,50,16,0.3,0.3,<function selBest at 0x000001C0B6C3F2E0>,Best,2
536,3,937.0,940.0,50,17,0.1,0.1,<function selBest at 0x000001C0B6C3F2E0>,Best,1
537,12,975.38,985.0,50,17,0.1,0.1,<function selBest at 0x000001C0B6C3F2E0>,Best,2
538,13,979.1,1000.0,50,17,0.1,0.3,<function selBest at 0x000001C0B6C3F2E0>,Best,1
539,4,934.0,945.0,50,17,0.1,0.3,<function selBest at 0x000001C0B6C3F2E0>,Best,2
540,15,912.0,940.0,50,17,0.3,0.1,<function selBest at 0x000001C0B6C3F2E0>,Best,1
541,7,961.0,965.0,50,17,0.3,0.1,<function selBest at 0x000001C0B6C3F2E0>,Best,2
542,3,892.9,920.0,50,17,0.3,0.3,<function selBest at 0x000001C0B6C3F2E0>,Best,1
543,10,923.62,950.0,50,17,0.3,0.3,<function selBest at 0x000001C0B6C3F2E0>,Best,2
544,12,935.4,940.0,50,18,0.1,0.1,<function selBest at 0x000001C0B6C3F2E0>,Best,1
545,16,921.7,970.0,50,18,0.1,0.1,<function selBest at 0x000001C0B6C3F2E0>,Best,2
546,11,944.72,970.0,50,18,0.1,0.3,<function selBest at 0x000001C0B6C3F2E0>,Best,1
547,12,989.08,1005.0,50,18,0.1,0.3,<function selBest at 0x000001C0B6C3F2E0>,Best,2
548,9,1023.94,1030.0,50,18,0.3,0.1,<function selBest at 0x000001C0B6C3F2E0>,Best,1
549,6,906.7,915.0,50,18,0.3,0.1,<function selBest at 0x000001C0B6C3F2E0>,Best,2
550,7,1002.08,1030.0,50,18,0.3,0.3,<function selBest at 0x000001C0B6C3F2E0>,Best,1
551,17,967.04,1005.0,50,18,0.3,0.3,<function selBest at 0x000001C0B6C3F2E0>,Best,2
552,3,907.0,915.0,50,19,0.1,0.1,<function selBest at 0x000001C0B6C3F2E0>,Best,1
553,2,938.2,950.0,50,19,0.1,0.1,<function selBest at 0x000001C0B6C3F2E0>,Best,2
554,16,914.34,950.0,50,19,0.1,0.3,<function selBest at 0x000001C0B6C3F2E0>,Best,1
555,17,942.1,985.0,50,19,0.1,0.3,<function selBest at 0x000001C0B6C3F2E0>,Best,2
556,13,942.7,950.0,50,19,0.3,0.1,<function selBest at 0x000001C0B6C3F2E0>,Best,1
557,17,894.68,910.0,50,19,0.3,0.1,<function selBest at 0x000001C0B6C3F2E0>,Best,2
558,9,965.7,980.0,50,19,0.3,0.3,<function selBest at 0x000001C0B6C3F2E0>,Best,1
559,9,955.24,965.0,50,19,0.3,0.3,<function selBest at 0x000001C0B6C3F2E0>,Best,2
560,5,961.7,965.0,50,20,0.1,0.1,<function selBest at 0x000001C0B6C3F2E0>,Best,1
561,20,913.0,965.0,50,20,0.1,0.1,<function selBest at 0x000001C0B6C3F2E0>,Best,2
562,20,930.94,1000.0,50,20,0.1,0.3,<function selBest at 0x000001C0B6C3F2E0>,Best,1
563,20,969.78,997.0,50,20,0.1,0.3,<function selBest at 0x000001C0B6C3F2E0>,Best,2
564,7,913.4,915.0,50,20,0.3,0.1,<function selBest at 0x000001C0B6C3F2E0>,Best,1
565,6,954.8,965.0,50,20,0.3,0.1,<function selBest at 0x000001C0B6C3F2E0>,Best,2
566,7,988.4,1005.0,50,20,0.3,0.3,<function selBest at 0x000001C0B6C3F2E0>,Best,1
567,9,958.54,970.0,50,20,0.3,0.3,<function selBest at 0x000001C0B6C3F2E0>,Best,2
568,11,970.0,970.0,50,21,0.1,0.1,<function selBest at 0x000001C0B6C3F2E0>,Best,1
569,10,829.1,840.0,50,21,0.1,0.1,<function selBest at 0x000001C0B6C3F2E0>,Best,2
570,15,952.58,1000.0,50,21,0.1,0.3,<function selBest at 0x000001C0B6C3F2E0>,Best,1
571,15,922.1,925.0,50,21,0.1,0.3,<function selBest at 0x000001C0B6C3F2E0>,Best,2
572,21,931.32,955.0,50,21,0.3,0.1,<function selBest at 0x000001C0B6C3F2E0>,Best,1
573,1,995.12,1002.0,50,21,0.3,0.1,<function selBest at 0x000001C0B6C3F2E0>,Best,2
574,18,929.02,950.0,50,21,0.3,0.3,<function selBest at 0x000001C0B6C3F2E0>,Best,1
575,2,950.5,965.0,50,21,0.3,0.3,<function selBest at 0x000001C0B6C3F2E0>,Best,2
576,9,1002.9,1005.0,50,22,0.1,0.1,<function selBest at 0x000001C0B6C3F2E0>,Best,1
577,18,984.0,985.0,50,22,0.1,0.1,<function selBest at 0x000001C0B6C3F2E0>,Best,2
578,6,928.4,940.0,50,22,0.1,0.3,<function selBest at 0x000001C0B6C3F2E0>,Best,1
579,20,966.7,1000.0,50,22,0.1,0.3,<function selBest at 0x000001C0B6C3F2E0>,Best,2
580,10,994.74,1005.0,50,22,0.3,0.1,<function selBest at 0x000001C0B6C3F2E0>,Best,1
581,7,911.0,915.0,50,22,0.3,0.1,<function selBest at 0x000001C0B6C3F2E0>,Best,2
582,13,977.98,1000.0,50,22,0.3,0.3,<function selBest at 0x000001C0B6C3F2E0>,Best,1
583,21,958.1,995.0,50,22,0.3,0.3,<function selBest at 0x000001C0B6C3F2E0>,Best,2
584,7,962.94,965.0,50,23,0.1,0.1,<function selBest at 0x000001C0B6C3F2E0>,Best,1
585,19,950.84,982.0,50,23,0.1,0.1,<function selBest at 0x000001C0B6C3F2E0>,Best,2
586,20,944.08,980.0,50,23,0.1,0.3,<function selBest at 0x000001C0B6C3F2E0>,Best,1
587,10,980.8,1000.0,50,23,0.1,0.3,<function selBest at 0x000001C0B6C3F2E0>,Best,2
588,11,980.8,985.0,50,23,0.3,0.1,<function selBest at 0x000001C0B6C3F2E0>,Best,1
589,15,972.74,985.0,50,23,0.3,0.1,<function selBest at 0x000001C0B6C3F2E0>,Best,2
590,10,956.1,987.0,50,23,0.3,0.3,<function selBest at 0x000001C0B6C3F2E0>,Best,1
591,12,999.4,1030.0,50,23,0.3,0.3,<function selBest at 0x000001C0B6C3F2E0>,Best,2
592,16,950.1,960.0,50,24,0.1,0.1,<function selBest at 0x000001C0B6C3F2E0>,Best,1
593,14,933.5,950.0,50,24,0.1,0.1,<function selBest at 0x000001C0B6C3F2E0>,Best,2
594,3,893.1,915.0,50,24,0.1,0.3,<function selBest at 0x000001C0B6C3F2E0>,Best,1
595,22,914.9,970.0,50,24,0.1,0.3,<function selBest at 0x000001C0B6C3F2E0>,Best,2
596,18,946.9,957.0,50,24,0.3,0.1,<function selBest at 0x000001C0B6C3F2E0>,Best,1
597,13,991.6,1000.0,50,24,0.3,0.1,<function selBest at 0x000001C0B6C3F2E0>,Best,2
598,15,982.1,1000.0,50,24,0.3,0.3,<function selBest at 0x000001C0B6C3F2E0>,Best,1
599,12,951.64,965.0,50,24,0.3,0.3,<function selBest at 0x000001C0B6C3F2E0>,Best,2
600,13,939.4,940.0,50,25,0.1,0.1,<function selBest at 0x000001C0B6C3F2E0>,Best,1
601,17,910.0,910.0,50,25,0.1,0.1,<function selBest at 0x000001C0B6C3F2E0>,Best,2
602,24,984.52,1005.0,50,25,0.1,0.3,<function selBest at 0x000001C0B6C3F2E0>,Best,1
603,11,975.08,1005.0,50,25,0.1,0.3,<function selBest at 0x000001C0B6C3F2E0>,Best,2
604,4,917.5,925.0,50,25,0.3,0.1,<function selBest at 0x000001C0B6C3F2E0>,Best,1
605,17,930.58,942.0,50,25,0.3,0.1,<function selBest at 0x000001C0B6C3F2E0>,Best,2
606,13,999.22,1030.0,50,25,0.3,0.3,<function selBest at 0x000001C0B6C3F2E0>,Best,1
607,8,961.1,980.0,50,25,0.3,0.3,<function selBest at 0x000001C0B6C3F2E0>,Best,2
608,23,969.38,985.0,50,26,0.1,0.1,<function selBest at 0x000001C0B6C3F2E0>,Best,1
609,1,964.3,970.0,50,26,0.1,0.1,<function selBest at 0x000001C0B6C3F2E0>,Best,2
610,9,946.28,957.0,50,26,0.1,0.3,<function selBest at 0x000001C0B6C3F2E0>,Best,1
611,26,934.52,982.0,50,26,0.1,0.3,<function selBest at 0x000001C0B6C3F2E0>,Best,2
612,2,914.08,925.0,50,26,0.3,0.1,<function selBest at 0x000001C0B6C3F2E0>,Best,1
613,11,950.94,955.0,50,26,0.3,0.1,<function selBest at 0x000001C0B6C3F2E0>,Best,2
614,23,967.88,1030.0,50,26,0.3,0.3,<function selBest at 0x000001C0B6C3F2E0>,Best,1
615,16,1016.94,1030.0,50,26,0.3,0.3,<function selBest at 0x000001C0B6C3F2E0>,Best,2
616,25,952.0,970.0,50,27,0.1,0.1,<function selBest at 0x000001C0B6C3F2E0>,Best,1
617,27,961.94,997.0,50,27,0.1,0.1,<function selBest at 0x000001C0B6C3F2E0>,Best,2
618,12,972.84,1005.0,50,27,0.1,0.3,<function selBest at 0x000001C0B6C3F2E0>,Best,1
619,13,946.8,970.0,50,27,0.1,0.3,<function selBest at 0x000001C0B6C3F2E0>,Best,2
620,21,1026.44,1030.0,50,27,0.3,0.1,<function selBest at 0x000001C0B6C3F2E0>,Best,1
621,22,989.1,1000.0,50,27,0.3,0.1,<function selBest at 0x000001C0B6C3F2E0>,Best,2
622,8,954.04,970.0,50,27,0.3,0.3,<function selBest at 0x000001C0B6C3F2E0>,Best,1
623,13,994.0,1000.0,50,27,0.3,0.3,<function selBest at 0x000001C0B6C3F2E0>,Best,2
624,11,976.6,982.0,50,28,0.1,0.1,<function selBest at 0x000001C0B6C3F2E0>,Best,1
625,6,1002.14,1005.0,50,28,0.1,0.1,<function selBest at 0x000001C0B6C3F2E0>,Best,2
626,18,972.24,990.0,50,28,0.1,0.3,<function selBest at 0x000001C0B6C3F2E0>,Best,1
627,20,1006.5,1030.0,50,28,0.1,0.3,<function selBest at 0x000001C0B6C3F2E0>,Best,2
628,24,945.8,950.0,50,28,0.3,0.1,<function selBest at 0x000001C0B6C3F2E0>,Best,1
629,25,975.02,987.0,50,28,0.3,0.1,<function selBest at 0x000001C0B6C3F2E0>,Best,2
630,7,957.5,965.0,50,28,0.3,0.3,<function selBest at 0x000001C0B6C3F2E0>,Best,1
631,13,945.48,970.0,50,28,0.3,0.3,<function selBest at 0x000001C0B6C3F2E0>,Best,2
632,28,931.6,950.0,50,29,0.1,0.1,<function selBest at 0x000001C0B6C3F2E0>,Best,1
633,27,972.28,980.0,50,29,0.1,0.1,<function selBest at 0x000001C0B6C3F2E0>,Best,2
634,23,964.58,1000.0,50,29,0.1,0.3,<function selBest at 0x000001C0B6C3F2E0>,Best,1
635,18,963.76,985.0,50,29,0.1,0.3,<function selBest at 0x000001C0B6C3F2E0>,Best,2
636,18,961.02,970.0,50,29,0.3,0.1,<function selBest at 0x000001C0B6C3F2E0>,Best,1
637,7,961.24,970.0,50,29,0.3,0.1,<function selBest at 0x000001C0B6C3F2E0>,Best,2
638,9,927.0,955.0,50,29,0.3,0.3,<function selBest at 0x000001C0B6C3F2E0>,Best,1
639,6,944.4,970.0,50,29,0.3,0.3,<function selBest at 0x000001C0B6C3F2E0>,Best,2
640,9,959.3,965.0,50,30,0.1,0.1,<function selBest at 0x000001C0B6C3F2E0>,Best,1
641,4,927.74,930.0,50,30,0.1,0.1,<function selBest at 0x000001C0B6C3F2E0>,Best,2
642,13,975.14,990.0,50,30,0.1,0.3,<function selBest at 0x000001C0B6C3F2E0>,Best,1
643,19,987.52,1000.0,50,30,0.1,0.3,<function selBest at 0x000001C0B6C3F2E0>,Best,2
644,10,960.8,965.0,50,30,0.3,0.1,<function selBest at 0x000001C0B6C3F2E0>,Best,1
645,2,912.3,915.0,50,30,0.3,0.1,<function selBest at 0x000001C0B6C3F2E0>,Best,2
646,9,977.92,1000.0,50,30,0.3,0.3,<function selBest at 0x000001C0B6C3F2E0>,Best,1
647,13,968.86,987.0,50,30,0.3,0.3,<function selBest at 0x000001C0B6C3F2E0>,Best,2
648,16,1006.4,1010.0,50,31,0.1,0.1,<function selBest at 0x000001C0B6C3F2E0>,Best,1
649,29,967.54,970.0,50,31,0.1,0.1,<function selBest at 0x000001C0B6C3F2E0>,Best,2
650,15,960.62,970.0,50,31,0.1,0.3,<function selBest at 0x000001C0B6C3F2E0>,Best,1
651,29,960.22,1000.0,50,31,0.1,0.3,<function selBest at 0x000001C0B6C3F2E0>,Best,2
652,29,913.0,930.0,50,31,0.3,0.1,<function selBest at 0x000001C0B6C3F2E0>,Best,1
653,31,968.2,1000.0,50,31,0.3,0.1,<function selBest at 0x000001C0B6C3F2E0>,Best,2
654,8,939.68,960.0,50,31,0.3,0.3,<function selBest at 0x000001C0B6C3F2E0>,Best,1
655,11,979.6,990.0,50,31,0.3,0.3,<function selBest at 0x000001C0B6C3F2E0>,Best,2
656,5,990.72,1000.0,50,32,0.1,0.1,<function selBest at 0x000001C0B6C3F2E0>,Best,1
657,13,947.7,950.0,50,32,0.1,0.1,<function selBest at 0x000001C0B6C3F2E0>,Best,2
658,27,941.7,950.0,50,32,0.1,0.3,<function selBest at 0x000001C0B6C3F2E0>,Best,1
659,28,979.0,1030.0,50,32,0.1,0.3,<function selBest at 0x000001C0B6C3F2E0>,Best,2
660,3,933.9,940.0,50,32,0.3,0.1,<function selBest at 0x000001C0B6C3F2E0>,Best,1
661,27,952.84,970.0,50,32,0.3,0.1,<function selBest at 0x000001C0B6C3F2E0>,Best,2
662,18,979.54,1002.0,50,32,0.3,0.3,<function selBest at 0x000001C0B6C3F2E0>,Best,1
663,24,953.84,967.0,50,32,0.3,0.3,<function selBest at 0x000001C0B6C3F2E0>,Best,2
664,9,998.22,1002.0,50,33,0.1,0.1,<function selBest at 0x000001C0B6C3F2E0>,Best,1
665,20,1021.3,1030.0,50,33,0.1,0.1,<function selBest at 0x000001C0B6C3F2E0>,Best,2
666,29,965.22,987.0,50,33,0.1,0.3,<function selBest at 0x000001C0B6C3F2E0>,Best,1
667,17,981.96,1000.0,50,33,0.1,0.3,<function selBest at 0x000001C0B6C3F2E0>,Best,2
668,1,914.4,915.0,50,33,0.3,0.1,<function selBest at 0x000001C0B6C3F2E0>,Best,1
669,3,965.04,970.0,50,33,0.3,0.1,<function selBest at 0x000001C0B6C3F2E0>,Best,2
670,8,1015.9,1030.0,50,33,0.3,0.3,<function selBest at 0x000001C0B6C3F2E0>,Best,1
671,10,936.5,960.0,50,33,0.3,0.3,<function selBest at 0x000001C0B6C3F2E0>,Best,2
672,19,963.6,965.0,50,34,0.1,0.1,<function selBest at 0x000001C0B6C3F2E0>,Best,1
673,9,950.0,955.0,50,34,0.1,0.1,<function selBest at 0x000001C0B6C3F2E0>,Best,2
674,13,966.38,995.0,50,34,0.1,0.3,<function selBest at 0x000001C0B6C3F2E0>,Best,1
675,34,949.38,975.0,50,34,0.1,0.3,<function selBest at 0x000001C0B6C3F2E0>,Best,2
676,17,935.32,942.0,50,34,0.3,0.1,<function selBest at 0x000001C0B6C3F2E0>,Best,1
677,6,915.0,915.0,50,34,0.3,0.1,<function selBest at 0x000001C0B6C3F2E0>,Best,2
678,34,955.94,985.0,50,34,0.3,0.3,<function selBest at 0x000001C0B6C3F2E0>,Best,1
679,22,986.82,1000.0,50,34,0.3,0.3,<function selBest at 0x000001C0B6C3F2E0>,Best,2
680,34,999.0,1030.0,50,35,0.1,0.1,<function selBest at 0x000001C0B6C3F2E0>,Best,1
681,1,907.0,910.0,50,35,0.1,0.1,<function selBest at 0x000001C0B6C3F2E0>,Best,2
682,32,883.94,915.0,50,35,0.1,0.3,<function selBest at 0x000001C0B6C3F2E0>,Best,1
683,35,925.76,957.0,50,35,0.1,0.3,<function selBest at 0x000001C0B6C3F2E0>,Best,2
684,13,960.04,965.0,50,35,0.3,0.1,<function selBest at 0x000001C0B6C3F2E0>,Best,1
685,32,949.6,955.0,50,35,0.3,0.1,<function selBest at 0x000001C0B6C3F2E0>,Best,2
686,20,966.9,985.0,50,35,0.3,0.3,<function selBest at 0x000001C0B6C3F2E0>,Best,1
687,10,1013.88,1030.0,50,35,0.3,0.3,<function selBest at 0x000001C0B6C3F2E0>,Best,2
688,32,941.0,950.0,50,36,0.1,0.1,<function selBest at 0x000001C0B6C3F2E0>,Best,1
689,13,865.6,875.0,50,36,0.1,0.1,<function selBest at 0x000001C0B6C3F2E0>,Best,2
690,36,911.74,940.0,50,36,0.1,0.3,<function selBest at 0x000001C0B6C3F2E0>,Best,1
691,1,960.4,970.0,50,36,0.1,0.3,<function selBest at 0x000001C0B6C3F2E0>,Best,2
692,9,935.2,937.0,50,36,0.3,0.1,<function selBest at 0x000001C0B6C3F2E0>,Best,1
693,36,919.6,985.0,50,36,0.3,0.1,<function selBest at 0x000001C0B6C3F2E0>,Best,2
694,9,979.3,1000.0,50,36,0.3,0.3,<function selBest at 0x000001C0B6C3F2E0>,Best,1
695,11,960.74,970.0,50,36,0.3,0.3,<function selBest at 0x000001C0B6C3F2E0>,Best,2
696,36,960.32,970.0,50,37,0.1,0.1,<function selBest at 0x000001C0B6C3F2E0>,Best,1
697,30,996.42,1002.0,50,37,0.1,0.1,<function selBest at 0x000001C0B6C3F2E0>,Best,2
698,16,896.78,920.0,50,37,0.1,0.3,<function selBest at 0x000001C0B6C3F2E0>,Best,1
699,22,1020.1,1030.0,50,37,0.1,0.3,<function selBest at 0x000001C0B6C3F2E0>,Best,2
700,12,1027.0,1030.0,50,37,0.3,0.1,<function selBest at 0x000001C0B6C3F2E0>,Best,1
701,19,1024.6,1030.0,50,37,0.3,0.1,<function selBest at 0x000001C0B6C3F2E0>,Best,2
702,19,961.28,995.0,50,37,0.3,0.3,<function selBest at 0x000001C0B6C3F2E0>,Best,1
703,32,977.0,1000.0,50,37,0.3,0.3,<function selBest at 0x000001C0B6C3F2E0>,Best,2
704,33,946.32,957.0,50,38,0.1,0.1,<function selBest at 0x000001C0B6C3F2E0>,Best,1
705,31,951.1,960.0,50,38,0.1,0.1,<function selBest at 0x000001C0B6C3F2E0>,Best,2
706,20,981.62,1000.0,50,38,0.1,0.3,<function selBest at 0x000001C0B6C3F2E0>,Best,1
707,18,972.98,1000.0,50,38,0.1,0.3,<function selBest at 0x000001C0B6C3F2E0>,Best,2
708,34,952.32,965.0,50,38,0.3,0.1,<function selBest at 0x000001C0B6C3F2E0>,Best,1
709,4,921.5,925.0,50,38,0.3,0.1,<function selBest at 0x000001C0B6C3F2E0>,Best,2
710,13,946.0,965.0,50,38,0.3,0.3,<function selBest at 0x000001C0B6C3F2E0>,Best,1
711,5,943.44,967.0,50,38,0.3,0.3,<function selBest at 0x000001C0B6C3F2E0>,Best,2
712,38,957.74,967.0,50,39,0.1,0.1,<function selBest at 0x000001C0B6C3F2E0>,Best,1
713,29,967.22,972.0,50,39,0.1,0.1,<function selBest at 0x000001C0B6C3F2E0>,Best,2
714,7,933.38,950.0,50,39,0.1,0.3,<function selBest at 0x000001C0B6C3F2E0>,Best,1
715,27,979.74,1000.0,50,39,0.1,0.3,<function selBest at 0x000001C0B6C3F2E0>,Best,2
716,38,977.28,1000.0,50,39,0.3,0.1,<function selBest at 0x000001C0B6C3F2E0>,Best,1
717,10,995.96,1002.0,50,39,0.3,0.1,<function selBest at 0x000001C0B6C3F2E0>,Best,2
718,26,987.26,1005.0,50,39,0.3,0.3,<function selBest at 0x000001C0B6C3F2E0>,Best,1
719,7,988.44,1005.0,50,39,0.3,0.3,<function selBest at 0x000001C0B6C3F2E0>,Best,2
